word,occurrence
nulla,564
ut,472
amet,456
sit,456
sapien,418
sed,399
vel,380
nunc,357
vestibulum,355
donec,344
non,328
pede,328
morbi,327
mauris,323
ipsum,322
quis,311
orci,311
ultrices,307
erat,302
eget,299
justo,298
eu,294
quam,288
luctus,284
odio,272
ante,269
aliquam,262
ligula,258
ac,255
nec,246
posuere,246
volutpat,244
congue,244
turpis,242
massa,239
vitae,239
diam,235
libero,232
tincidunt,229
et,228
lacus,227
augue,225
nisl,216
nibh,216
vivamus,214
felis,213
consequat,212
vulputate,209
nisi,207
lectus,206
est,201
lorem,200
magna,200
maecenas,197
pellentesque,196
integer,195
enim,195
duis,194
faucibus,193
convallis,190
suspendisse,185
interdum,183
semper,180
lobortis,180
leo,179
dui,179
molestie,177
blandit,175
elementum,173
lacinia,171
dolor,168
rutrum,168
platea,163
hac,163
habitasse,163
tortor,162
aliquet,161
dapibus,161
eleifend,161
nullam,160
venenatis,156
primis,153
cubilia,153
curae,153
porttitor,151
mi,150
dictumst,149
risus,148
tempus,147
velit,144
nam,143
pretium,142
iaculis,141
neque,140
rhoncus,140
viverra,138
quisque,136
mattis,133
accumsan,133
adipiscing,131
metus,130
eros,130
tristique,125
sollicitudin,124
cras,124
imperdiet,122
purus,122
pulvinar,122
fusce,121
cursus,120
bibendum,120
proin,119
arcu,109
sagittis,109
praesent,107
consectetuer,106
condimentum,105
elit,103
nonummy,102
potenti,101
sem,100
varius,100
aenean,98
tellus,96
phasellus,93
vehicula,91
porta,90
tempor,87
commodo,86
fermentum,86
ornare,82
feugiat,81
scelerisque,81
sodales,80
suscipit,77
pharetra,75
curabitur,75
urna,73
etiam,69
gravida,68
placerat,67
auctor,66
hendrerit,50
laoreet,48
dignissim,46
euismod,45
mollis,42
ultricies,42
malesuada,40
egestas,38
ullamcorper,36
nascetur,35
cum,35
mus,35
natoque,35
sociis,35
magnis,35
montes,35
ridiculus,35
dis,35
penatibus,35
parturient,35
fringilla,34
semduis,28
facilisicras,27
condimentumcurabitur,27
semsed,27
estphasellus,25
lectuspellentesque,25
elitproin,24
loreminteger,24
aliquetmaecenas,24
pellentesquequisque,24
eratcurabitur,24
potentinullam,23
placeratpraesent,23
justoin,23
nibhin,23
semfusce,23
nislaenean,22
elementumin,22
volutpatin,22
duiproin,22
pedemorbi,21
velitdonec,21
erosvestibulum,21
tellusnulla,21
justoaliquam,20
facilisi,20
felisfusce,20
purusphasellus,20
dictumstmaecenas,20
turpissed,19
maurismorbi,19
odiocras,19
lectussuspendisse,19
duimaecenas,19
liberonullam,19
nisinam,19
nislduis,19
convallisduis,18
vestibulumproin,18
metusaenean,18
rhoncusmauris,17
lectusvestibulum,17
tellusin,17
nibhquisque,17
luctuscum,17
musetiam,17
nequeduis,16
lacuscurabitur,16
variusinteger,13
sempraesent,8
